,Mass,Radius,Length,Moments
0,6.474594459551964,0.8486891170730158,2.0467400239150155,3.426120348243501
1,5.09778442859877,0.5463013592443515,1.1956738847983195,0.987683653044442
2,3.842610941136453,1.1478549691031814,1.1897844941454365,1.7190241008198086
3,3.2782830048097056,1.0101219326254833,2.871880807502497,3.089437055766007
4,5.0426615487522355,0.9738379961482699,2.831479975684032,4.564600501087693
5,3.8316163655736695,0.8493728877812835,2.3445335791361814,2.446212645399998
6,4.1467850328067115,0.6003849114136625,1.20499188507958,0.8754525199323264
7,7.680278533895016,0.9132079398251234,2.7349541333242575,6.3885967043065985
8,7.097042628276564,0.5973180462201833,2.8934757149105463,5.584525787166957
9,4.958318288103262,0.5535761781090596,1.7827238066804152,1.6930359293203505
10,4.998760517660459,1.1164254318414546,1.5782104470549851,2.5951754430626837
11,4.483995869509898,0.9842183204570888,2.988580594481081,4.423339017703789
12,3.94530488844627,0.7542866699818085,2.908052834741291,3.3415471325201223
13,7.650260945821539,0.6590095602464212,2.796737165903685,5.817143399384448
14,6.60069722480797,0.5859593672771992,1.7739453335037414,2.297552640712292
15,7.540618865182502,1.1104394592497897,2.4205411959851597,6.006258174539548
16,6.099330665931041,0.6593763514957414,2.151353288552097,3.0154341056712552
17,4.0264520760286535,0.5765800575222586,1.6284378838425813,1.2244251619713653
18,4.765456320366354,0.7353428655416963,2.9225609833781663,4.0361628349849745
19,5.554749483577353,0.5572417085197406,1.8991895840810649,2.100841453944016
20,3.103051532871895,1.1882846960855113,1.4761378940424525,1.6588511750618777
21,3.26119248008564,0.841703494460605,1.492651819215539,1.1831073034427448
22,3.947282969064821,0.6441902975895432,1.9112189416012966,1.6110510646786005
23,4.288643352988934,0.8040045175451865,2.317414261981771,2.6123837311168314
24,3.820430307031503,0.9766985680115272,2.785981787838569,3.382199825898457
25,7.3099588165019735,1.0376603322258766,1.4465783870546196,3.242457675070984
26,3.1802896706065313,0.7414722080122367,2.838753902413103,2.5728190487266747
27,6.965331834695121,0.6836045099392944,2.685748874400991,5.000639487213169
28,3.5683093333984153,0.6292177215760899,0.8477345484344152,0.5668850193109434
29,7.188022445616719,0.6655526500739065,1.132148209764066,1.5637785779207558
30,5.092997611531674,0.6583674386671718,1.8476276346260954,2.000729331885605
31,6.860745686061314,0.7600104425048257,2.2515228833916874,3.8890153573529243
32,5.766315640435568,0.9476939417353187,2.2935174582196542,3.822391530822756
33,3.5668202680277767,0.5157683347317129,2.3134591708602015,1.8280382666588564
34,5.439823724851269,0.5066810007823551,2.1000657681259374,2.34839599142352
35,6.708697768190481,0.5314438114492295,2.2961265572846887,3.4211533927570468
36,7.881384744384531,0.7756361132274957,2.3292082171108497,4.748563902490224
37,5.979654913016377,0.6786017426531661,1.3158684496346904,1.551227503192103
38,6.703591525794728,0.9216014336597416,1.2401652116649886,2.2826049575861562
39,3.5796394233401485,1.0191466213776204,2.0347135414080597,2.1645001832670867
40,7.572711669270749,0.9715070491790497,2.789831401655629,6.698465512713405
41,3.879772593365816,1.1523845808791586,1.1044522440395883,1.6824586731642488
42,6.091412665617409,0.8483600159768659,2.9797644133732675,5.603155538902964
43,7.118831762241671,0.7773834724073632,1.985814581599438,3.414924206557293
44,4.923176630228511,0.5659323001910984,1.8058283845668404,1.7320778523012916
45,7.878322750747021,0.7341122360717359,2.5652686518050514,5.381790979667633
46,6.301601811987951,1.100054876973232,2.599499219029222,5.454959756058098
47,7.981400545464662,0.9274938886046856,1.2613634673365404,2.7747156334828906
48,6.642898733361217,0.9992486791058733,1.4649240045702638,2.8462031648697623
49,3.8951864745967675,0.945393825793686,1.5547777717653894,1.6550135688476972
50,4.395964543570125,0.8601407926199746,1.7700112543471116,1.9607710392217346
51,6.478401882357386,0.6704112123932612,2.997654162804789,5.5791371094064335
52,6.873335707922969,0.9602665522371725,2.0962839571646397,4.101515297306646
53,6.920424401218554,1.1171408671590959,2.7177202160723963,6.418701892855996
54,5.730526644435276,0.8215585991382874,2.984343844215628,5.220119990280693
55,4.052150179915744,0.5784658662485935,2.8806143455869826,3.1410266713621455
56,4.079212111006333,0.5349865471027307,1.1373649517954767,0.7316171791906814
57,5.665782188779859,1.0766172792403785,2.700643217649416,5.085411608496003
58,3.921564303067552,0.7243542473503156,1.835176007344042,1.6150107043566824
59,6.3099284447696125,1.1596778043236298,2.0156897577441857,4.2579202741654765
60,6.832419122582427,0.6746192971294767,1.7296941002923958,2.480837302229279
61,7.961732486209282,0.765129786013996,2.4479415113314795,5.141082020771794
62,3.4376513669597335,0.5729469083091917,1.3143582502836664,0.7770072075821299
63,3.4545370072333474,1.03194282793963,0.9051420148818282,1.155542648354912
64,3.1105184354488338,1.0718109131707165,2.528128571016164,2.5500470718952046
65,3.9731583182871013,0.5244498684619316,2.9655782119620504,3.1850814139037507
66,3.7996789873693237,0.7342926635018723,1.1738720377139191,0.9485052238629014
67,4.083692948940035,0.5133781788367804,2.8318074541155953,2.998044853017317
68,5.306064763536261,1.1325193892989658,2.1325396949606663,3.7122670796544375
69,7.445192759143144,0.7677619037941609,1.942904073282178,3.439214512374459
70,3.607077489180269,0.9279522195209997,1.23422536236609,1.2344014967749293
71,4.1253133114577984,0.9462475835992787,2.162740936066381,2.531430385724893
72,4.46248507877929,0.8087177789615924,1.4017639985970738,1.4603540602886924
73,7.398714649330999,1.0807945921535622,2.6775230504930176,6.580836400831641
74,7.547575024949651,0.5943891271432098,2.94417542547691,6.118607891187743
75,4.291132884572004,1.121241219946129,2.0578911932708976,2.8630659539349415
76,6.2466214510002,0.7578680148839838,1.5140998786233484,2.0903226705546496
77,7.4169029866337,1.1243799866320072,1.8112045526941094,4.3717407976186315
78,3.27088265001836,0.5939580747383914,1.919707426812559,1.2929895029250251
79,6.794277392083961,0.6969314432310936,2.489185957136492,4.333156306314578
80,3.984682709238786,1.0891096485658405,1.8078020815815266,2.266828828353101
81,5.38703221971166,0.500404516203659,2.7945148637249657,3.842986393557794
82,4.873795711498038,0.759719701707319,2.51461295006262,3.271454289297438
83,4.753983821239164,1.1835680712587735,1.655516809558482,2.750669318605396
84,4.746249435350994,1.0643661564293234,0.954038699104227,1.7042262069169754
85,7.041033242554714,1.0839480397219337,2.6004971914409563,6.03616966097748
86,3.567079710892151,1.0041645162238788,2.342191149127792,2.529921115179219
87,6.741940453887411,1.1085547574654488,2.005430337861406,4.330815677265539
88,6.584363170429052,0.6239174873489126,0.8292489846846683,1.01809232486033
89,4.296646194883853,0.5584597617126023,1.12080707785869,0.7847969007963747
90,5.172577119563478,0.6458514045574255,2.738779609210087,3.772656131137437
91,6.819813101573493,0.982183843655706,2.3392920349203585,4.754741034818984
92,4.6307071587777635,0.5589625914571722,2.1581064128516765,2.158967199205709
93,6.207026874361144,0.5772968085615441,1.4755354155103402,1.6433204917262707
94,5.152037498638796,0.9904152987006709,2.3267286984457503,3.5877217030075546
95,6.5440297540202685,0.5402619676133885,1.2904818766044752,1.385694185742242
96,3.9329931054746803,0.7734229500185339,2.801540976642637,3.1605470397451705
97,6.1335179662386405,0.6183599657177203,1.2491377109109518,1.3838505400815297
98,4.522057242700566,0.586366635658554,1.1546959649280177,0.8911468474062867
99,6.329638123147028,0.7251775678729242,2.4004452833060537,3.871515284472374
100,3.9281467652709425,0.9454098894999728,1.4677450069277977,1.5829367534834713
101,7.251670615784961,0.5653540924964664,2.12540437282682,3.3093116681118078
102,4.011896706884579,0.7971351887447028,2.208090930762863,2.267369923758646
103,3.47421249650563,0.6951148380191075,1.437868664252987,1.018239630262856
104,7.608690489579914,0.6716557624055681,2.9899388782420155,6.526416966306455
105,6.628327233411961,1.0132741393860911,1.84627240616598,3.5842100875051566
106,3.8909357634381694,0.9862967185645124,2.114355286492298,2.3957924425548858
107,7.210059947631134,0.9679531053541583,1.3539332774776942,2.790254122623767
108,7.807929257068907,0.6507410314465134,1.3629688701945257,2.035316220346445
109,5.914952216053636,0.7712741383815882,2.3354066430069196,3.568054729028922
110,7.199524695236217,0.9515880910389343,1.6778633108247116,3.318851877920589
111,7.805830501165309,1.143269266697413,1.7042264066183246,4.439944350871822
112,7.25276176916065,0.9186634898691827,1.5227507412979837,2.931685761881835
113,5.335877823978155,0.7447088145437728,2.8984728834093954,4.475431379286091
114,3.613459815995193,0.5710647430602326,2.219066333112666,1.7774007233127729
115,7.398740042706929,0.9255533396727144,1.11170281862135,2.3465289696286256
116,3.62669632804107,0.7226097816920749,1.5178076200593436,1.1696804862332588
117,4.998966251597233,0.8471151148279021,2.063967735322818,2.671437094420131
118,6.254657588673538,0.657769497655313,1.7157047242039085,2.2108259144793423
119,5.7544564739114685,1.080668777262753,2.4729709020220243,4.61273399473344
120,7.191933511171746,0.9460099665818315,2.621171233426808,5.726782750901597
121,7.17672802531102,1.0995238709302995,1.2260745299205007,3.068121192649107
122,3.04286165290117,0.8755134158038314,2.6496608996143323,2.363358722817731
123,4.730598846579773,0.5408039280767706,2.824790193348039,3.491515575168215
124,3.910383680522013,1.0575000011669666,1.3074249702681997,1.650272767779392
125,6.743804079997222,0.7649015536543982,2.2647922352059435,3.8689805492437825
126,7.216149475307801,0.8070817074780827,1.0088750059243308,1.7871825033918698
127,4.6449766534462675,0.9431754981724247,1.6795549293122614,2.1249393360174325
128,6.646561650004809,0.7517183317502141,2.6822502008550875,4.923832407373183
129,6.235753574415838,0.591082698528827,1.0155225726358925,1.0805637871230958
130,3.601182556635518,0.9544715046634316,2.7854122071374956,3.1485045231784285
131,3.585900783477455,0.9156075971066381,2.087913414446664,2.054241308152902
132,4.111947038917221,1.1380173935715765,1.7609898681495475,2.393953663065714
133,4.596374547436495,0.981925740797696,1.5668191290215998,2.048242808810659
134,6.16663458552458,1.002316221178826,2.942162863469199,5.997173276361865
135,7.830315040124435,1.0726984411803444,2.3383395151282715,5.820454261765964
136,5.322713335434263,0.7974522609649795,2.1761205591835293,2.946694472462987
137,4.409250831487185,0.5041974762457567,1.2491281556093012,0.853545140160514
138,6.526134039562018,1.0758393507896304,2.6487269961263555,5.703865964097704
139,7.741133311378629,0.9951366717957083,1.3648931079762563,3.1182731169397835
140,6.679337283170803,1.0495016988987929,2.7933128903427504,6.182260084888274
141,7.04190354116976,0.6138195528278554,1.9050998656710905,2.7931292743575638
142,4.481115932102534,1.166382836118546,2.9291491375449707,4.728048359972476
143,5.48265629941991,0.5271725715464692,1.8030525278135299,1.8662647606615865
144,6.329570467007911,0.7605561587249855,1.134105224053413,1.5937498024638603
145,4.001752629691715,0.8929545506449952,2.3612168757913423,2.6569798732768826
146,5.589866913661327,0.88319687756451,0.8241717769039197,1.4064893752066683
147,7.9494843492193095,0.6015619590700092,0.8529505621536868,1.2011372966464584
148,7.904272057490864,0.8808526652246642,2.748959645225216,6.5108038182870125
149,6.110311184695725,0.797139476373212,2.9957003972776644,5.54027765974936
150,7.333765225583157,1.065002645934991,1.451119385197698,3.3664667629154046
151,3.536129768548218,0.896857832525491,1.5770607189179415,1.4439734124545538
152,5.934106825578927,0.5442804646532879,1.954444761859047,2.3284337372661046
153,4.678397554822192,0.5798459671926857,1.6122511891369655,1.4066451899691785
154,3.24395804871107,1.1459471181119114,2.277186162357223,2.4668033462313605
155,4.279503727448418,1.1353089560988439,2.9898317805579895,4.566898562436087
156,6.133705423032225,0.6419512718812713,0.8398392696924606,0.992451072344397
157,5.946812817525162,0.8786321306589013,1.179613663610514,1.8373033315927312
158,4.099825446687461,0.6141258926606672,2.1040671242124422,1.8990904969803322
159,4.76629960191363,0.6121495802577841,1.4463384443587266,1.2773985678388051
160,4.792533824112197,1.0297456120598578,1.5524308401198412,2.2329891147117773
161,4.6165423321188905,0.9552715196298621,2.076048579291971,2.711298671045128
162,4.297240892367143,0.8682145486240377,2.1855560212016654,2.520347765219794
163,3.8661361051786587,0.6240566580348956,2.2672883388103338,2.032600614657893
164,7.815850570075914,0.7374241123465953,1.161447594755863,1.9411599404515747
165,7.1152340359311275,0.7622501074722643,2.700476455679243,5.35756297012998
166,7.129606264404245,0.7747135362004456,2.561758384370755,4.968830082796684
167,7.5181433907287785,1.0886909206031814,2.515732190486319,6.192852727318986
168,4.168433688519768,0.916250592272551,1.9767779172916364,2.2322644558593474
169,7.619568424278329,0.6765952102302221,1.5195338100683407,2.3381447259670463
170,3.938187163309299,0.729967079626274,1.782945072043483,1.5678740080423075
171,4.6697205284654375,0.8604969578828212,1.0972131151726598,1.3329101093215585
172,3.9070179807510517,0.6850908003725016,2.2329489609158966,2.0818249927892696
173,7.884322024506779,0.8711249258696678,1.9415721912509076,3.97256721765119
174,6.523201765041011,0.5241900684979202,2.0328312053243436,2.6944782835451804
175,3.6633664004631417,0.9010932508446803,2.5472105429983856,2.724381083352344
176,3.416349912959056,1.0727801764321208,2.8947018196613756,3.3684841590468864
177,4.303437616030783,1.0448245184464475,1.9199779162376591,2.496456444688486
178,6.87795578231194,0.7484276385513922,1.9725506186039026,3.193313206368583
179,4.391043514425169,0.5211311395334799,2.3131962733975913,2.2561218143659065
180,5.175076398671476,0.8321395305109691,2.539497276244675,3.6770707572933405
181,7.428427336220946,0.5258517430202275,2.1977713865803254,3.503592517884047
182,6.569294830450289,0.8373753099203807,2.877746635206168,5.685187047640148
183,6.558618552614663,0.9865218683373265,0.9447152001131025,2.0835435811475937
184,5.600299434342017,0.5625431782361461,1.0419257213957847,0.9497051675722431
185,3.3221044426682154,0.5082470236195866,1.0957668485438699,0.546942997150368
186,6.063631314587523,1.1237404877011312,1.7202655433310747,3.4096261691963607
187,4.68013339674546,0.9898993239004362,2.644759437076245,3.874547688132786
188,3.9101198405762725,0.7288755257408438,1.8778351906045894,1.6683320051360175
189,7.6550425144551655,0.5309739447466993,1.2237427749670964,1.494868006913459
190,5.183054452220597,0.8043874576133123,2.649492772465549,3.8704154605604515
191,6.818783843222087,1.170322423705156,0.9321930656784105,2.8286290771887703
192,5.342323533615056,0.5267362545336042,1.6173806817170149,1.5351493958435467
193,7.891318114456088,1.0671328822068347,1.0577404204734517,2.98234781147421
194,3.4249531079280504,1.1225755726611086,2.309736178983278,2.6016540222050395
195,3.8610491595817282,0.9175869981565394,1.1093246528813943,1.2086689046135837
196,3.059351954690138,0.5609916256641196,2.657569026134042,2.0413036270589413
197,4.992691840449103,0.8146855548411269,2.858226749538722,4.227394482329654
198,3.68310655037858,0.6635733847580341,0.8115670617735737,0.6075990203964843
199,7.057267724055152,0.6706482007917379,1.3628252012534359,1.885819296375522
200,5.424088380517972,1.1216942477018434,2.547325231077136,4.6391594153910685
201,3.922066505731092,1.1418502905380499,1.33653793513114,1.8622625152970933
202,7.386927790000584,0.6509631824045469,1.0120680977507688,1.413082985031763
203,4.163175314777172,0.7876986825077104,1.0340749797195383,1.016757981279266
204,7.116681371834291,0.8836598797293072,1.5044944048814508,2.7316597207954647
205,7.12713620206132,0.6351955101566372,2.5015240408512227,4.43547969267136
206,6.533857474278883,0.745292686877401,1.0242696936289821,1.478564016569473
207,7.333250363379914,0.792204654514963,1.2594418097757072,2.1198949860176675
208,7.257775802818807,1.1034432124994589,2.03316666560766,4.709405882126179
209,7.997250787695267,0.8274566274394715,1.3884564974622058,2.6536643214954765
210,3.001338058269946,1.0470844439049123,1.4283414340575895,1.3329234322580699
211,3.173542688372895,0.8708968961354737,1.7135126337751716,1.378245723779455
212,5.8615340658054755,1.0168043725255513,2.931717597022808,5.713355200048731
213,5.541215200745996,0.9753856624261315,1.2606265123348517,2.0517784340061316
214,4.186739150076465,0.9076875868493821,1.4615741157232955,1.6076691627133135
215,3.1310503300211057,0.5345263234361491,2.6117349664829392,2.0034324829796333
216,5.301786624949966,0.9128794134751905,2.8790752276072675,4.7668012906240005
217,6.264124439184808,0.5839723793719368,2.186771200313392,3.0302908179761205
218,5.0577670068013045,0.584418419591794,1.0405540741363326,0.8882228923718181
219,6.887788509681256,0.9720587006344216,1.2785123824027202,2.565292696162373
220,4.675357821518108,0.958250530487168,1.7240477929959872,2.2313429737957136
221,6.9727140750498044,0.7474982627087531,1.3285677857577638,1.9996310607393069
222,6.529248020252957,0.7836387168106174,2.511978095262428,4.435700612650563
223,6.23296527748346,0.6216492887565886,1.9758855179228105,2.6300345486788466
224,4.453600558652189,0.6514556285186496,1.0738175776818801,0.9004688570163379
225,3.932227678797174,0.8170907733782913,2.5474230622966743,2.7827969785436926
226,7.2372471819560475,0.6278480525587038,2.4041330435384443,4.199072057701853
227,3.127457385942094,0.5911008557707847,1.4718768509885534,0.8377994768407662
228,3.673340283136085,1.0151187817059755,2.1347892172823695,2.341363656011648
229,4.404869666542247,0.9132189924210592,2.3521260900296452,2.9492085125091987
230,7.304063672460916,0.8058787677286878,2.3222836785599816,4.46845770395071
231,4.73345983256882,1.1867248727507627,1.9601042668767081,3.1820512167466872
232,4.712796245546126,0.6177730916781047,0.9742962096106081,0.8224551615641478
233,7.372694911060685,0.5761344818608967,1.5935658201799523,2.172023474287751
234,6.999034862879637,0.602942320964608,1.519020108596557,1.9819169456596128
235,3.001502068780596,0.8325393901086273,1.3937624840040779,1.0059882783132403
236,6.557548821751609,0.7594071453559963,1.0947091983659134,1.6003074201399556
237,4.00747830922643,0.9123818286872168,1.3943083018400277,1.4832403392664621
238,6.658376064144486,0.5441172661623875,0.8321850395122878,0.8770872035602136
239,7.77999644416699,1.062376039527075,2.5741764650314822,6.491313308572252
240,5.879685098748779,1.1768526163947168,1.9103645774068436,3.8239703374683796
241,5.345206021455636,0.9432286986915478,2.037207060645118,3.037526346985903
242,3.16081106668723,0.5160892355784994,1.462897176415363,0.7741649287973124
243,6.921329832220647,0.7200045765968601,1.0200827574309235,1.4971924246557267
244,7.424736277380873,1.1932681212120702,1.8142589746733229,4.6795650555917625
245,4.76061058728023,0.8621653050467388,2.9265919675830476,4.282537212268416
246,5.431194212089045,0.5809568473206053,1.8673780450617237,2.036531878726492
247,6.325217483424881,1.1700683215073573,1.587538133745595,3.4933422179648557
248,6.45097826690683,0.891406520589205,2.9414485719194685,5.932715519435565
249,5.492613475342987,0.6563767635037476,2.681178905413909,3.882001467904071
250,5.315105360764733,1.1988519555462842,1.3859805068685163,2.7606125730489763
251,5.804570831793755,0.6801231685496233,2.3857412209495488,3.424437397321643
252,7.586287668669388,0.7624281983919918,1.3988097641799409,2.3394587777073936
253,3.319661992431139,1.0940186938847516,2.8428479125439354,3.229039358982189
254,3.5642765290944993,1.057693353479813,1.1138004099783534,1.3653249485523793
255,7.59540990611511,0.6378961728290538,1.607220432280236,2.4076766447614566
256,3.576075992169862,0.6016559728901447,2.9933820587307327,2.9938627718934794
257,6.344118717906285,0.8596198722776903,2.4616487642437823,4.37561989130437
258,6.897044662302719,1.1795778069283758,1.066730169587175,3.0531634207492986
259,6.43031839319738,0.6262171122386206,1.3534050932956547,1.6119462997390492
260,5.908711973893985,1.191048434821241,2.9927517910147614,6.505665404841248
261,4.024071872998817,1.0480129711263828,1.6188691826165758,1.9837772248883387
262,3.497670687107693,1.141191910365423,2.290467782579241,2.667906492148205
263,6.56427799685553,0.7913970975438118,2.770916832519987,5.2278501795395975
264,4.211491638745587,0.6088737166273249,2.2702386941420936,2.1991585769034145
265,6.071561611096995,0.724095046216969,1.6557383397223848,2.18293402509024
266,5.761588861654874,1.1695206012180424,1.4613425923125583,2.9954776482062684
267,4.211929000047601,0.5684341442751383,2.9599663055144507,3.4154366096976174
268,6.605814845513361,0.9642367881524055,1.0543531044372807,2.1473952905777547
269,5.237247550755855,0.8950772416873274,2.919372065774577,4.768611248492789
270,7.222640218524826,0.8662398536420335,1.8107185690635559,3.3283227336546783
271,6.2814308279905635,1.1390189708648744,2.257290374068557,4.704505089850283
272,5.948382251685146,0.5839958199407802,1.1480480869672212,1.1605133975270654
273,3.3735087613180017,0.7722465777048089,2.443800768394822,2.1818889074238865
274,7.069578933417563,0.6395141169472145,1.2437483872124155,1.6341596625387527
275,5.225231201103444,1.0937621699885938,1.6900552944012222,2.8064864618715215
276,6.545827299843289,0.5017194944195478,1.9636263712603441,2.5152318921008985
277,4.05893284110658,0.825994817934433,1.0186919608083869,1.043326913601285
278,6.130164577425267,1.097496212198267,2.6019220715482767,5.304376377223931
279,6.814190074283024,0.9593501983154125,1.9599292381180284,3.749156605325614
280,5.558217793028998,1.0978189574296264,2.1405095983119686,3.7969115496643173
281,4.192063676506945,0.8000499621205541,1.7060711852165196,1.687626572335318
282,4.479516236086544,0.8308149720537432,2.728884230453598,3.552842331994559
283,4.931406902196572,0.6395581570472251,0.8280087895116215,0.7860261778356921
284,7.487697663072177,0.6719800259421478,2.1472146467798026,3.7221358842658185
285,7.980157059807155,0.6289693036275144,2.5367585257052188,5.068697155195169
286,5.163472949129384,0.6969019811593523,2.0981844628287085,2.5212356980324584
287,4.315734164405165,1.1661439434353698,2.8399905517826243,4.36796225305142
288,5.514500089104534,1.116005971122414,0.8026120955023227,2.0130655731559473
289,3.150657255367681,1.1794674672859493,2.0135346166416186,2.1602355895608514
290,5.237006232565085,0.8399936576993638,2.8401850537946185,4.444219140570947
291,3.4093960409786135,0.7958663761971131,1.190499233078569,0.9425554613926111
292,4.8619025114992285,1.058928511521815,2.8483504986618904,4.650040790882095
293,6.4797373806072445,1.1661805397095526,2.285690076231819,5.024123925855655
294,6.256451890390776,0.555040181656681,1.4562912069359948,1.5875709598007233
295,6.765615393589608,0.7228809114047576,2.43395061075295,4.223878563912141
296,3.0493916926478475,1.0746039821210551,1.6993263660043152,1.6141526112885054
297,3.5524301624399413,1.0907362730883516,1.7645122309464814,1.9782951495935945
298,3.057118245313003,0.8089651542986809,2.8112242103759675,2.5135257890369984
299,3.325802733033949,1.167449400925323,1.7615785221361304,1.9932570105978429
300,3.8986738855976135,1.09061315904651,2.1377488061091263,2.6440420148218893
301,6.089646405159501,0.9917171107355316,1.985381293303809,3.497612448118881
302,7.739174477452909,0.5010340131361553,1.7852741015357747,2.541228149831636
303,4.426308999710956,1.0297638075484223,1.0881043778349269,1.6101479621640329
304,4.0852958892771,0.7421615304321538,1.9807769897443033,1.8982629303484209
305,5.08102775692644,1.0307487133186557,2.433436144169341,3.856898165089368
306,4.68551418204403,1.0719466403176414,2.6489178761585914,4.085758493464932
307,4.8567906715526465,1.0846354211430018,0.9161599570781667,1.7681353085495515
308,7.795769792553851,1.0651610943444583,2.2566508781007455,5.5195204271274685
309,6.378801286959548,0.8484084194771397,2.006356526939949,3.2876645102006243
310,4.5914552260855,1.1152732975585118,2.9054436496290945,4.657689411107208
311,6.145128188012146,0.6486759833443279,2.58537532017175,4.069358751985767
312,6.592647164647033,0.5386968017267433,1.5672950130089915,1.827809443316235
313,6.6758005250733605,0.7152591654545931,1.4493450097083371,2.0224270812912053
314,6.11157452834661,1.1304757156604888,1.0778158961026292,2.5442551667896747
315,6.014157971960213,0.7141567317711393,0.9984281017016005,1.2664404298377372
316,3.6623610349387343,0.5402828440104296,1.876365254181405,1.3417862995564893
317,7.236295155408442,0.5710692291678188,1.562120912108727,2.0614889927576314
318,5.978957662675603,0.7138808073094947,1.6700954033698168,2.1514761358906345
319,4.576559734533477,1.1595662875287986,2.1925388290127383,3.37178360412209
320,6.711363900380942,1.0870283400786342,2.0601439112959596,4.356281862789429
321,4.890537856883581,0.6186094763612544,0.8509337006777172,0.7629733064968672
322,4.014931233254354,0.7688388045306884,2.3574155032408934,2.452703816994695
323,7.07276031503068,0.5166178274288853,2.007770163094209,2.8478604773225418
324,5.600307890377747,0.5495498796992142,2.5667106994692865,3.497401156643495
325,6.042421128592148,1.0051035483004584,0.9381883844309169,1.9692738248135038
326,5.2678298341836385,1.180903631464485,2.6286763598859895,4.869906557460769
327,5.545193804653913,0.8542473056401317,2.232896046690103,3.3155823410937986
328,6.231599790730303,1.0862739673488353,1.1260901316006904,2.4968215175571125
329,3.5454628214032446,0.6506250862793093,1.0258715722141634,0.6861509059054259
330,3.8551355994282406,1.0034431571386697,2.2093032241526522,2.5385153114866266
331,5.429453122812112,0.8962867005779214,2.221200556724651,3.32269928545169
332,4.690485726174229,1.1779500516145527,1.643776683721544,2.683231743416263
333,4.787928332786103,0.6738374005036558,2.4365826206291725,2.91229946003548
334,4.790752383682406,0.6512524476389301,2.290421055446036,2.602343826209564
335,6.046521036554934,0.8904737846298616,2.787935830450237,5.115062975329337
336,6.570786034011821,0.7905801368859734,2.9764147752073145,5.877620549189066
337,5.59172306612045,0.677719896817979,1.0626864752643947,1.1683044782057435
338,7.107967716359831,0.8651782432331854,1.868163275093611,3.3973918939304086
339,3.4082802097973386,0.6189672078810853,2.9090346839395886,2.7299881420124628
340,4.990915252400726,0.5762700603237005,1.3290330834101767,1.1489879152590043
341,7.199185531569519,0.6329463053925343,1.424871159889816,1.9390531675865912
342,4.576922121455665,0.8833887794071458,2.8933506950154593,4.085896738961472
343,3.3077780851744585,0.6448727676408801,1.3139982881339138,0.8198256758141904
344,5.728699873811551,0.8971725272121986,1.8350091176655214,2.760285283587252
345,5.910788676082087,0.5414123263929764,2.5173986898376874,3.554688258698484
346,4.090909724241452,0.7526713867544393,1.4241863572681184,1.2708579568195288
347,7.638539848054439,0.7083502809939904,1.6175602281623558,2.6236993231183616
348,6.188053510363517,1.1156203484159368,1.8344636614561598,3.6607922318108193
349,7.6881515013021495,0.5291885668114643,2.5486845129487303,4.699968419428109
350,5.838802037021896,1.0886688226127665,2.2815802633123505,4.262913217882483
351,5.482035243361528,1.129384052367279,2.5785284636133237,4.78551253774641
352,4.854210784768325,0.9084093873793131,2.95230887195459,4.52725967315136
353,4.938991785892498,0.9486021335920788,2.2037836405993003,3.11000095845072
354,4.501938227971295,0.8163854713382089,2.1783183869543765,2.5302868848357196
355,7.750073120095406,0.5054471426799606,2.639044133236566,4.992974519157757
356,4.635248548012182,0.5225890285757799,2.968146540470583,3.7194747619116786
357,5.042857732325894,0.8475779183548675,1.7192844820394164,2.1478809081769885
358,4.040054278746056,0.9396002917092511,1.4513040336038423,1.6008141130887035
359,3.834126610699044,0.5834671240895912,1.6244306873386822,1.169433126763554
360,3.3533211795308002,0.9643589052111452,1.356230505410935,1.2936345976897008
361,3.786308367861554,0.5462356881747809,1.387366479346067,0.8897528162201609
362,6.157684943811475,0.7684965577962946,2.542792909930924,4.227023218681842
363,3.694158077654368,0.9022464259537628,0.863314099621722,0.9812475247715595
364,5.839413531427569,0.8465786768615947,2.7814932238994237,4.811088391488441
365,5.37326159279853,1.1189205629343157,1.3747510171277644,2.528070341334573
366,3.556779289730169,0.9049849678621523,1.6370743071481018,1.5225996128691706
367,4.892246272161665,0.9152999696164095,2.4772408772879055,3.526512316576224
368,4.017987728840522,0.5568711984995166,1.7033173293767505,1.2829456648283464
369,3.289087540432152,0.6177142163207688,1.3825848357785548,0.8376904113698047
370,7.031882363139074,1.0853716177255572,1.128294312037395,2.816938497592578
371,7.70778010086693,0.8207744436281466,1.1746002438570144,2.1843192326570824
372,7.994860264339881,1.159535540119653,2.4073388357590364,6.5483557108715225
373,4.298571328184929,1.0510827577202368,2.5442592860787037,3.5060509703161022
374,4.727780681884788,1.0231912582226728,1.0827192750816168,1.6992597526941922
375,3.2933649263296836,0.5342348172608389,2.902933102362116,2.5477583913697748
376,7.442963506270133,0.549121307327054,1.036787723814463,1.227798339948429
377,3.2274434664349165,0.5437264215968325,2.447464928045206,1.8495940164907347
378,3.41681305050691,0.9461837089303604,1.3938323787608098,1.317910218178855
379,7.433815709712991,0.8440040910957323,1.9146946578382205,3.594921633888437
380,4.718630813607726,1.0206430053580315,2.8938456276154128,4.521816309345542
381,6.092588020691635,1.1484317170407659,2.311822493320662,4.722369781249789
382,7.2737968809325135,0.971347357218463,2.473897238462251,5.425473335329293
383,6.351573234047525,0.6277213400113885,2.672983780613834,4.407433168386819
384,3.9911543350208865,0.8820201777891403,1.0474676540935202,1.1411599168531188
385,7.714194626919992,1.1913764748204274,1.3375034749322274,3.88734290900594
386,6.190593823671455,0.7884101884724526,2.1887398006572107,3.4333826726614842
387,7.550769766218635,0.7761738987774974,1.6158110125919185,2.7800568797029026
388,3.1384396210913206,1.094650708265407,1.6528629308211142,1.6546733458681406
389,6.772515695465252,0.7574692992322025,1.121100355399004,1.6807946064790604
390,3.829882649112123,0.7704342973925192,1.8531857696117093,1.6644046093947225
391,7.157163528288235,0.9305837881085417,1.9175002057554795,3.742460291229042
392,4.552536118640274,0.9413198727566792,2.647598711505199,3.667837315383464
393,4.15712935690579,0.8474280238083234,1.3452904581086507,1.3733108643958776
394,4.022914368592794,0.8122895035443369,1.8690128159967596,1.8346674027199517
395,7.4409051074572785,0.5957631412043992,2.0353476613539807,3.2290063580694723
396,5.3712790262561265,0.6332993056920303,1.6387493016029588,1.7406092085793525
397,6.814817803811568,0.7752875950113363,1.69729244187312,2.6600586125857646
398,3.579398388896223,1.1744840759980608,1.2297907624838107,1.6854861598820448
399,6.534963120622163,0.6523740305641285,2.177861098698131,3.2782939794503796
400,4.851581639767291,0.8837916594112849,2.5362792770191698,3.548113533045663
401,3.0714519132486835,0.9984189990051429,2.5896207772886997,2.481901375184667
402,4.010808309278849,1.0121016394401554,2.4182527193500802,2.9817002065522864
403,6.322412410380182,0.7064480959074182,1.0954548078804205,1.4210823007073723
404,3.1924075943833885,0.8566197950520111,0.9713990749331883,0.8366791069593351
405,6.63126088494416,0.9966881052861005,2.9978189250143856,6.613069040169174
406,3.9753263782471033,0.933626201966955,1.6507454345285688,1.7689984219324126
407,7.519619618597163,0.5108414402474014,2.1911837744443092,3.499231969834325
408,3.7459691430569833,0.6806927056153051,2.241265535589362,2.0020016423031515
409,5.6228567276377746,0.6882212209498546,1.6976881418150271,2.0163050548091666
410,6.228282303592604,0.535704878730092,2.557043223444447,3.840467447000187
411,4.6472075616753425,0.7801470859776516,2.492063067514539,3.112183304461851
412,5.671486808429429,0.768599832506563,2.609948257175523,4.0570352354434
413,3.758571235555168,1.147213709048816,1.6983154164465657,2.140059404617321
414,7.09460753751332,0.872828856737222,1.60404402448831,2.87239840774971
415,5.737397611708397,0.83068216319297,0.9322938196945214,1.4053135500073293
416,4.24645891388986,0.9136759159275654,2.342959405911414,2.8288033113103133
417,4.372395559771784,0.6978806546570533,1.8247472385671293,1.7456114134769471
418,7.076403190774463,0.5725728331821273,2.5062249804811847,4.283985261286136
419,6.1069587926342646,1.1143975404251867,2.6391107808020267,5.4405630458930165
420,3.3066334328869984,1.0578831691659094,1.4753907248872877,1.5249444412163082
421,5.781711155659275,0.8860556578404919,1.1752381256421216,1.8002651525723825
422,4.040132283366795,0.7280818570778604,1.2166993071151337,1.0338249976815526
423,3.8442495297495496,0.7156953159290178,1.2050730189561494,0.9574937453346954
424,3.5770344153685376,0.5351091786175665,2.101715759822241,1.572772739176632
425,6.222658488508103,0.9648643229941635,1.5819944577709864,2.746057090716824
426,7.1798968438740465,1.0195978927137999,2.961582435848288,7.113907676125104
427,4.481441101960076,0.6754680574483778,2.3934590261181405,2.650554837696615
428,5.8388959418694055,0.5139581791412422,1.8316778280812875,2.018069721520793
429,5.989916000585333,0.8914409957565865,2.06994959077591,3.3287423033154346
430,6.994143705734954,1.0644465528003124,2.184361365718714,4.762180707165199
431,5.0785480863906844,0.6784448306843246,0.9751484460879871,0.9868366565043212
432,7.081444127609326,1.1823994807294764,2.3390193974375686,5.703641379830179
433,4.825932142197057,0.5346520428270899,2.3874398984934513,2.637141754787555
434,6.890135031113704,0.5631798361543044,0.9899581316416379,1.1090428444258307
435,7.44920170146587,0.5890341603082812,1.4800352226813684,2.0059384072037383
436,5.227008302781407,0.6752675402867927,1.0848329633251739,1.1084835102332637
437,7.227196642256334,1.0575225772521064,2.1155642641871863,4.716151833039655
438,3.139240430460666,0.8230007629004574,1.7554315894085613,1.3377168942630027
439,7.368976454743993,0.7516576045669487,1.8784759155415693,3.207739540412894
440,7.839537174614463,0.6101239197434455,2.1168714861067963,3.65707777014037
441,5.527624569592502,0.5494981293451581,2.4639431514697003,3.2137887637835654
442,5.710973125476234,1.1746570125482885,2.281977873443111,4.448315186346184
443,5.135874954055192,0.7214038778272571,1.3551765079079763,1.4542118793863419
444,6.946516202777008,0.6416262613518984,2.3954843759329716,4.036735283159321
445,3.5055214886701673,0.9572184843089331,2.08867941544821,2.077425604579447
446,5.712673252185189,0.8928990428456047,2.3549475928565453,3.77873544420453
447,5.074120073202688,0.9646075818516054,2.6601208696552012,4.17246855700163
448,4.004854178458068,1.056912296084362,1.0108303760068338,1.4594252155677243
449,5.537992988468193,0.8355133370643908,2.32630115312213,3.463979846884451
450,6.327416747754221,1.0073687892048204,1.160549122773114,2.3154390127497435
451,6.313544459237626,0.7356606504032224,2.9685769766232033,5.4906997067769385
452,7.338765457407839,0.6497840243485775,1.8665135535444064,2.905252538510197
453,3.0572701608962807,0.8007325287013358,2.3658313664613724,1.9160614766263375
454,6.4979062385494375,0.9817323199826602,2.7239888521368134,5.583602264817677
455,3.3676932876633447,0.816295429142022,2.589921981989805,2.4434608913405844
456,7.517816944479454,0.8196666466779461,2.8473669060616658,6.341941747297537
457,3.135942336856552,0.6103103311974035,2.224956282153368,1.5857066362905474
458,4.819995918873776,0.696691762603804,2.566049260664657,3.229697328224408
459,5.256792243569936,0.7204143619379935,0.9658636212658934,1.090733177795029
460,4.949269916028941,0.6797935212076883,0.9640265900235355,0.955087408032727
461,3.1200240703784763,1.025048592731701,2.2850474643348777,2.17715689566994
462,3.3788715923638613,0.5175226351788014,2.9701478356691773,2.7102118257744885
463,6.944174092273994,1.183873663043466,2.5184851402403563,6.103603780370582
464,7.456865988006936,0.6807079437708494,1.694314323956412,2.6476789217626524
465,7.665184710860556,0.7535140224925633,2.7404118803728155,5.885078054715498
466,5.078971909417938,1.0568891501428959,1.1137142600273378,1.9433007750013422
467,5.808970150819083,0.5832429011972685,2.0797127634423114,2.58776163924355
468,7.430197912461853,0.6081295188882434,2.781722644403871,5.478189198620878
469,6.481209634605735,1.1089444220947657,0.8700930348704112,2.4014691483350328
470,4.71758029466718,0.7386928848279626,1.0924889812965248,1.1127725039002319
471,3.294192125883126,0.6610784795144312,2.2267130953860947,1.7210302185194946
472,3.2184073285483983,0.936432814155876,2.0293509730437616,1.8100817962567106
473,7.965637485629667,0.509316760600614,2.2000354264350985,3.729489276816778
474,4.378270717608732,0.7589217019940391,2.875384962744117,3.6469992210136244
475,5.113152959545014,0.7016727639464824,1.8373265740268927,2.06776031067812
476,5.917345645284852,0.8305281707539274,0.8085530916495685,1.342788349375455
477,7.730706869887888,0.7915655932672776,1.8687929851623866,3.460854174921903
478,5.191089715293521,0.8625019266823686,1.254899793765861,1.6466578740894686
479,5.313070177749294,1.0544828316613792,1.370029252827437,2.3079898397616216
480,6.39734364614562,0.5443101347690036,1.2627205151207348,1.3238682494513532
481,3.703761535132898,1.1900307235009029,1.3662941614680855,1.88746129358928
482,4.708385366786809,0.9000085363755498,2.1550468058208563,2.775700223541195
483,3.705741408839036,1.1482570350218335,2.7540614660786766,3.5637921239383417
484,4.055059427326102,1.1141762511066742,1.2765130593549783,1.8091146653692531
485,5.591693528127652,1.1590574642759022,1.0933354498381045,2.4350078014931116
486,7.803380142220149,0.9420292265231571,1.5907013784111301,3.376644883510693
487,6.863145957994744,1.0538581369454323,2.275322186605357,4.866509224748393
488,7.18788299838764,1.120885016609459,2.4702955410834475,5.912938074737484
489,3.285056604780109,0.5787283608286933,1.0633656227593646,0.5846103144226816
490,3.7961516987866957,0.5112075737439165,2.1201545630483016,1.6700077757101044
491,3.6314743333576023,0.7146801468038183,2.0952117892278057,1.7921978224719761
492,3.3427266919481124,0.6051940916910168,1.4616386006803208,0.9011899417159814
493,4.833653955334535,0.5173902042446509,0.9241300700386916,0.6674850173528658
494,3.4214695820068077,0.6056206571334153,2.7504337992739236,2.4706475262218035
495,7.760912970872956,0.718201146577309,1.8652061911080937,3.250808957093056
496,6.890715439128554,0.9713689225337926,1.4083539425449527,2.764402047935576
497,3.6437106220642494,0.8629058974128001,1.450976758042478,1.3175515856132765
498,7.676718515159719,0.5995620729054257,2.4291836352098755,4.4648800351149776
499,4.992010135654301,0.5331970872200574,2.683309299186962,3.350074019677936
500,6.726826577803836,0.6978644704116027,1.9213365189002793,2.888375153075221
501,3.0846834306723516,0.8234649512129497,1.7972329754389835,1.353232613074046
502,7.384860778581634,0.9823988678429546,0.9781311166591717,2.3705791345959146
503,6.208402772875203,0.9755729869473959,2.1540226037617085,3.8776862844885196
504,5.108658439830883,0.5328840092250867,1.1744290138782767,0.9498612123310184
505,7.613748812988588,0.7798763734496323,1.0597579332684095,1.8702592463610275
506,6.5029083441927895,0.8064150938774994,2.7148014356797097,5.051168059013044
507,4.714008877142117,0.6432122278159982,1.6794260712790208,1.595549735703476
508,5.56992219278981,0.7367660840479184,1.8327005953509485,2.314889490261259
509,3.2293381541372783,0.6748751329216729,2.9345634793593742,2.6852033269651727
510,6.779005050482277,0.5887893172056512,2.363402571478952,3.7429656644171914
511,5.5185050961325555,0.9072812390881528,2.0669645663002707,3.1003974545911044
512,5.6023238373246915,0.7629364042071348,1.5717555007660418,1.96857780198358
513,5.904981628931547,0.6287247523647238,1.8380605193389987,2.2460340253161744
514,5.799472037055725,0.5821855491047784,2.034703446637188,2.492244890694977
515,4.994184299932263,0.799086175669086,2.596497816674362,3.6030613634308795
516,4.583817203574397,0.6838975742526847,2.535056070540661,2.9908096881285093
517,5.150006304843863,0.9748755154272986,2.2340690113375796,3.3656197427982946
518,4.231618202533695,1.0277790194254797,1.6240028711513173,2.047529989319428
519,6.058756583561717,0.5546103633329815,2.5089895580000947,3.644244421644249
520,4.024657404825839,0.8548142786485171,2.451770979328814,2.7512904435145353
521,4.898206290522451,0.7075071179486376,2.2626685874711754,2.7027355743238854
522,3.567690979295827,0.5506433318339322,2.8974365842565533,2.7663765839153163
523,7.303130790618576,0.8789712147077268,2.818656998201802,6.245758235188529
524,3.521313253515797,1.1134675099586957,2.780512538108222,3.3601191712318528
525,6.946118380844292,0.7267423606936741,2.4974137663276954,4.527444591417976
526,7.008041820878478,0.5298553401767363,1.1192602568302286,1.2234777043347704
527,4.627639484924915,0.7887064111994232,2.2378079082706983,2.650849817404586
528,3.42149856059436,0.6015852870559744,2.943873265798472,2.7805675909762733
529,6.029627851222874,1.17935136012522,1.1398512763416617,2.7494448907875286
530,6.793864813417637,0.6727787579833694,0.872813476539789,1.2000779825133998
531,3.15288269436381,0.5163325294262022,2.755999371146558,2.2057909881517674
532,3.3133378169571333,1.0226268678691095,2.814060085246439,3.0527524388496774
533,4.294757205034403,0.803865351200385,1.9287895099113306,2.0252741750754484
534,5.994908249336406,0.7184036359431707,2.545658813666292,4.0109383999705805
535,6.45359006513527,0.5059231331340032,2.247571690218419,3.129697087507138
536,3.0564573416249683,0.569173762915965,2.649153373780603,2.0350631407869284
537,7.654308373092545,0.9948284912369015,2.7673907799198565,6.778848708908395
538,7.194730374707122,0.8236774150810191,2.8914226537496273,6.23282994693281
539,6.277873689502197,1.128757618481067,1.809593106023329,3.712791258857668
540,7.311377123514581,0.8414707866486724,2.222335553427981,4.303351408011212
541,5.670379222689574,0.5441967139403405,1.1464751349689062,1.0409188029417429
542,4.816626090840593,0.9390067128593191,2.7796637202370853,4.163062599311784
543,7.537095011533917,0.9421990332339506,1.9864157783394425,4.151095714551554
544,3.978397890621623,1.1781203514887513,1.8397012873291256,2.502546051596319
545,3.11320600497195,0.9556360944804393,2.2005185926799227,1.9670281348202874
546,6.25632803412422,0.9583029596595705,1.215296829438771,2.2063879632340093
547,6.34170625619951,0.669163432251515,1.2949307141964495,1.5960936584105365
548,6.809079460099374,0.5311252652158219,2.6001640039871563,4.3164655507040575
549,4.428789010321214,0.8304489570943521,2.3990225537741043,2.8876610863325447
550,4.5862905804925,0.7861920479551321,2.6947565974060033,3.484054725491441
551,3.3800839858722793,1.038953922088775,2.1862224978338762,2.2584156684279835
552,5.311282080300477,0.509432109616511,2.6254554564912373,3.395493594552079
553,3.9098865994674368,0.6529265721939341,1.3364067791993226,0.9986249201460637
554,5.7256487674591,0.6390313155525134,2.755335868277413,4.2069007804078
555,4.306653914328562,0.5921887864919438,1.151390129571927,0.8533498020160059
556,4.416634423215997,0.5981961772249558,2.3967653672466813,2.5093845409257622
557,7.236401076117463,0.7625345488242031,1.03366311638529,1.6962342737876517
558,3.573693453501452,1.0108653779390688,2.993902267222431,3.5823290522241944
559,6.2239905969234215,0.8507069293652265,2.1491564806148764,3.521731189151334
560,4.092431191458435,0.6207953675265426,2.3251793656730015,2.238089146056029
561,5.428930994846549,0.5390878801781032,1.016302598559243,0.8617153058108606
562,5.3744483925274515,1.0588225448292459,1.5826515705521924,2.628150739880124
563,4.805407822418937,1.1432694182042926,1.6783885464576551,2.6983097750313476
564,5.183027298867693,0.8176877515364711,1.613840118222206,1.9912844069574231
565,5.9401839751740155,1.1452778478089867,2.2281853125483426,4.405534392478806
566,5.2360735026758505,0.7552723543091716,1.0613614545727748,1.2382428609296583
567,5.778275375718058,0.8268603209890195,1.4746926887430654,2.034825691397186
568,6.609306797904609,0.9765362926391852,1.3637801662926272,2.600082421694177
569,7.857834052151106,0.823274068296604,2.3869128859049384,5.062209016548879
570,3.9185582456629424,1.1231192047844705,1.6279379832208087,2.101121893065426
571,4.515422019461276,0.9287609739634426,2.816461882920729,3.958613431433924
572,7.538274427265868,0.6618763874902986,1.5412917254520144,2.3179070911590904
573,3.5315910381298794,0.6823665114593898,1.4842660869996687,1.0594531744566025
574,7.827663710508177,0.875303372306131,1.8417717783682521,3.712002894244728
575,6.142906752663471,0.6457063310591946,2.988136188134863,5.211113735886664
576,5.163271059987107,0.8146182602293669,1.0282316621737428,1.3115005728087374
577,7.657603510032095,0.811949386526497,0.987614486774079,1.884515671658705
578,6.597729830642412,0.896836566749248,2.685709671872247,5.292470107035058
579,6.6682886660891825,0.983097889847953,2.0353787031951223,3.9132912321000966
580,6.306177306219412,0.5383043409394744,1.37041137332788,1.4437688262624295
581,6.348839536620073,0.6703825722400865,2.869215719935452,5.06882736774027
582,4.917904200535736,0.7574708513428099,0.8932205799730051,1.0324030375039634
583,4.369012513587853,1.0143065446696702,2.4615218702843364,3.329749396759161
584,6.5039474249558396,0.5371718575202598,1.9848559852076053,2.6044591864879005
585,6.966768246292077,0.84289213867346,2.0066627650322317,3.5751695094865337
586,5.3504311861853955,0.5336549672883396,1.1603178984279263,0.9812247145498305
587,3.0911576831469576,0.691638492076443,1.4849247933901384,0.9376751340615301
588,3.8224388055530945,1.080831489439261,2.6146120238523247,3.2939185251328134
589,6.050960200355024,0.7893600696131742,2.6262422843524513,4.4204364423900815
590,4.532953075317181,0.8109108581239414,0.9942355335721077,1.118594396082111
591,7.52576003789517,0.7474746101441834,1.9807534879487991,3.511732398490224
592,5.3804805884569396,0.5717647944397143,1.6337488400204374,1.6365091362412905
593,6.330482709515919,0.9761477473780766,2.9701698085809296,6.161934644487255
594,7.215978504507818,0.9162337642824747,2.232286153762984,4.510921277901998
595,5.66559364132209,0.5748650815305073,2.393136586797172,3.1720300513973205
596,5.436464612815115,0.9730034206326881,1.030449915886046,1.7677724793904872
597,7.861073566339741,0.9022665769934636,1.3584556046617944,2.8087986356167436
598,6.268885900587019,0.6087708781160139,0.8770690015010625,0.9826771090192467
599,4.202841960714601,1.0686719414115329,2.5619436283653103,3.4987728778724003
600,3.9872490928645403,1.0595766004317184,1.5306458242553818,1.8975930993547827
601,4.665721118648339,1.011363906878088,2.99007135367384,4.669258340426757
602,6.1918268866322785,0.6053914424295176,1.0602716718292216,1.1473828865609632
603,4.308606089007757,0.9244438129937518,2.31158364333397,2.8390870555250043
604,6.001028467008597,0.9351607084307921,1.6099230905395454,2.608161496004678
605,6.454772198466852,0.6298949438826394,1.8034181845263846,2.38967504262139
606,3.6074192837032175,0.9601233598409378,1.1976431115102775,1.2625545487688508
607,4.03480299060114,1.162791936118919,2.0301217332541635,2.7496003922387704
608,6.785912622626049,0.8928225843585889,1.8997966082131899,3.3933089831092533
609,4.034490692328935,0.8186340495724014,1.1986053870322477,1.1589545188092623
610,7.9114706804205275,0.7769346878553434,2.272062537703317,4.597323111288551
611,7.436038585891354,0.7536814789304608,2.9028822095580784,6.277771742776778
612,6.277333269138719,0.8798813363062319,1.8187895543088473,2.9454131446902023
613,4.991125351685357,0.9550681390558118,1.0574896022973372,1.60329491670112
614,5.397396719944506,0.9929154541808292,2.342139514595444,3.7976356804395275
615,7.9602449538859865,0.9112523907636824,2.673383571522178,6.39348465269941
616,3.644672692494734,0.5451694387726218,1.0334955526224627,0.5952182425479553
617,4.222454818837651,0.8420481944853996,2.8857260411062713,3.67865551380104
618,6.10851891992697,0.6491887590377104,1.3287647796245476,1.5423775981353502
619,5.6325790564983365,0.6384526174835794,2.1058576729536806,2.6555271665832803
620,4.841798387420899,1.0343532876585653,1.201894721061597,1.877895979829789
621,3.0441662044186044,0.735707861122441,2.9510926326475397,2.6212163215965023
622,4.75834167078853,1.0677388934452439,1.1350302818403708,1.8670514479281044
623,5.760348043464543,0.6141051234104156,1.9224639657097042,2.317216651011246
624,4.289148607544811,0.5324181343488992,1.7062086321174812,1.344489070304756
625,5.212435877703021,1.047292902528248,2.7983654275070418,4.830762356822628
626,5.075724476762256,0.6223497534013857,1.8867609592278927,1.997223376181834
627,6.445498946806991,0.7923540753959497,1.2653955258194645,1.871719600164352
628,3.7542859275608302,1.053171075027128,2.2418839980250485,2.6134684974562807
629,5.578116556539982,0.8926328072075183,1.6628715543996342,2.3965084554357206
630,3.96133981866136,0.881143601718219,1.7576296176397386,1.788711308805401
631,4.505260941626949,1.164731123899255,2.309078199849399,3.5297360037528906
632,3.722662909619034,0.6006569621661463,2.056662022752251,1.647968591934372
633,7.66172846099877,0.5519223943369151,2.4396358215225153,4.383579999879307
634,6.128363141527357,1.0628069854083333,1.575044154365942,2.9975050578697138
635,3.947821177248556,0.8935508587030272,2.8937197802567614,3.542812089904689
636,4.610190385031078,1.1445127020379178,1.9818592630888123,3.018711984593396
637,7.174666846318939,0.6847536535405416,1.7695370103188495,2.7131743637091934
638,4.380248943911388,1.1422551400411134,1.8521860922788287,2.6810166843478638
639,3.171390281318815,1.116321094391949,2.018276476285819,2.0645640504647367
640,4.818755884191848,1.0918298644000624,1.7333947692444114,2.64265985133016
641,3.149434256959857,0.9860437041151284,1.7395011708228498,1.5596814360643285
642,4.258545861728296,0.709656943822091,2.234548681648241,2.308148445654556
643,7.79540806337323,0.7994399112813226,1.1340921750498292,2.0810345777243717
644,5.970257521396366,1.1081939675635422,1.9829569452324414,3.7893223771266102
645,4.067410365959905,0.7568798335041592,2.6090342230698234,2.889780101099503
646,4.818319309975939,0.5320455692383081,2.890194323369718,3.6950248063254802
647,5.96329737265727,0.5960583512700152,1.6373701851164988,1.8619589994494787
648,4.393090975174758,1.0262436809208113,2.0068381693994923,2.6310689407171273
649,5.128348716038276,1.0424322339926007,1.7908143665658445,2.763757289229643
650,5.246373251607402,0.8394885459797886,2.183342268951026,3.008448152057946
651,7.265942213013581,0.8838739299955625,1.9321526485182021,3.679541696619337
652,3.3959421986793377,1.1878988832757853,1.5516425349258267,1.8793443612392582
653,7.1887068806105106,0.5886557130358903,1.252659789027993,1.5627668824598164
654,6.82684802205287,0.9491297240206733,1.3988750956620815,2.6507474560038213
655,3.7944012300591763,0.9217371031862973,2.698763790123561,3.108918571441304
656,5.4681925620187455,0.8934883882145093,1.397186690630017,1.9808961129339258
657,4.732632893948409,1.1874765606385809,2.3084687093569176,3.7700664474684356
658,3.9704420608258557,0.8826931185165816,2.9946771610570035,3.7406635537479107
659,6.875488488346983,0.7289895105310398,2.9393339280237205,5.863623454751053
660,3.9875063167698777,0.8615689680275158,2.0544915676193156,2.142566515786499
661,7.586158592415603,0.7305623622125207,1.0912776139561968,1.765078426873587
662,3.9195074264291176,0.5712091015556906,2.8642613638261336,2.999348404922995
663,5.354224574586768,0.5686150978833056,2.6960406715408993,3.6759449748386617
664,7.594473453097173,0.5062765610386772,2.4419263798890976,4.260469427743446
665,4.112719266819247,0.6712869639987826,1.116171896576743,0.8903071638071103
666,3.645521921512107,0.7266502105465853,2.892921538983286,3.023673840026609
667,5.8006174894433356,0.650015712368149,0.8851385966322941,0.9914374877393695
668,7.71180766351425,1.095475211644409,1.8657375658882018,4.5507213035618
669,6.203977868274148,0.9107004048897438,1.7277443054705683,2.8296477825615103
670,4.393338783096385,0.6950446529987431,2.0654612515715396,2.0924708881224046
671,5.586539642969504,1.1684403498686722,2.4614471822796844,4.727367454817749
672,5.137793463583094,0.552114873631244,2.5737129822940914,3.22760082239518
673,6.94594339426506,1.1059796053511466,1.8044840886681703,4.008813888964158
674,5.730678313370451,0.6439288369432702,0.8436538448278752,0.933950063634065
675,7.227123841106263,0.9672065611913112,0.9099548726909574,2.188905175824909
676,3.729517199074827,1.0030931170284478,1.3937891124596353,1.5419177587212032
677,4.206002616668521,0.8414512523936926,2.6823544964786015,3.26636280156598
678,3.6506187997033415,0.8527963012737596,2.406354418354187,2.425326986183766
679,3.85666012703623,1.166553798296559,2.8068740484161445,3.8441533692557313
680,4.418117703004589,0.6198409466071448,1.6201336701696971,1.3907650993240037
681,5.946858315064096,1.1136190916067963,1.3811992106852882,2.7891527206801543
682,5.69747752652486,0.7231727682833435,0.8462765225884818,1.0849518964229619
683,5.050004821960595,1.110547405923672,2.255592977764901,3.6981380173033758
684,5.376735539325131,1.012761952486764,2.2421255686720825,3.63117269325243
685,5.119548758982193,0.7888108782115175,2.0636274653618734,2.6131994819957365
686,7.420102733399824,0.599412319317298,1.9163821701998154,2.937375050336289
687,4.440093709127314,1.189947440641561,1.2746022065058944,2.172884001321776
688,3.087008458679339,0.9732475120873227,1.90260432805205,1.6622345333564874
689,7.853896578756206,0.9737030768402475,1.320788307558276,3.0033135578313868
690,5.258258249680919,0.8823082253298575,2.6283249580888848,4.050390538523382
691,4.604338349158301,1.0656717713109518,2.845081925539821,4.4130511644486905
692,5.712676581080931,0.8260274869522142,2.7788818127180717,4.650665419514998
693,7.119579889137582,0.6390145541535093,2.0086094491739566,3.12047076203984
694,7.5711180875681405,0.516924908061179,1.4637897415035224,1.8576460569632545
695,7.4498402905134276,0.9174889049081858,2.152675570316253,4.444680121960087
696,5.85406823263328,1.1340622167332315,2.7940553114908857,5.69065992722917
697,5.406923788999059,0.8659880856207622,1.6558722733033036,2.2491537195997138
698,3.539442688061848,0.7484503653781531,1.493972989115194,1.1540025900415842
699,4.2325656304576835,1.1665710862867393,1.0074204542557208,1.7979798664050408
700,6.75670234289732,0.5552272319143301,1.58664783290848,1.9382069038737402
701,4.455897683607466,0.5698818751720724,2.109559790874359,2.0142657359892877
702,4.720317588871804,0.7295512321355762,2.8107578752312534,3.73577531571789
703,5.7258446436154316,1.0781499008831954,1.2159619795982886,2.3694428643377137
704,6.998078570297002,1.1695738123837893,2.422215425932154,5.81472464010596
705,7.1414592055596,1.155961951182697,2.3028018629093174,5.541558407752163
706,4.832516056577165,1.0587361285251973,1.5458594638265062,2.316566464432357
707,4.90500693753576,0.5942167314860068,1.3818538687662927,1.2134989969773715
708,6.204106673372535,0.5696965464691222,1.7385796810598504,2.0661338815124886
709,3.194075004423324,0.7437051347256757,2.729627339841265,2.424877168919739
710,4.0838718522623685,0.8972721131956174,1.038229720438005,1.1888194141244992
711,7.011784435842688,0.9329741024409914,2.985465310135252,6.733840307399272
712,5.451379456389624,0.9460648865570119,0.9500926480826298,1.6298681252771992
713,3.6182240765405735,0.8270237804559311,1.1397063781398864,1.010339512355159
714,6.511470831738819,0.7235586606622753,1.2329517968783161,1.6771278202438937
715,7.60423886853948,0.8038626174967122,1.2956275494672944,2.2921939269124727
716,3.6726115770142926,1.1522561971980783,0.9489560402258445,1.4946306745463298
717,7.743760022753397,0.9574435987450074,2.5866796933979925,6.0924074379782605
718,4.220035888606531,0.5549913316887772,1.3589649800824268,0.9744175231716898
719,7.962154771873038,1.1459913819151082,1.7261984512086581,4.591276912936443
720,7.690540597884973,1.1886259114085624,1.2584303049367493,3.7312846337226038
721,7.009842655930587,0.6891410220441303,1.8504541698262311,2.832517756072814
722,7.515894757071485,0.8747616317445733,2.123944947342642,4.263244663624665
723,5.624663278791919,1.178402831635138,1.600078988846359,3.152695234436722
724,6.318882545061545,0.7638352354383404,1.332062166769309,1.856025579657632
725,7.605437888552951,0.5929251677660424,1.750824744150267,2.6112434699185094
726,6.425519653842308,0.5986627181018296,2.9443066419541104,5.217593042296852
727,5.003718458016445,0.783181847814814,1.9325881764482702,2.3246519060080324
728,5.098477315301988,0.6101942657429836,2.9840421495780234,4.257873802997143
729,7.939123248150649,0.7154430967990363,2.489490896381925,5.11619688747145
730,5.866603230132223,0.6785138739007809,2.055227235600537,2.740242566333851
731,5.941392697359013,0.6208790261210069,2.932082556598278,4.829154287039992
732,3.148966398259966,0.9027823375844193,1.4504271099303172,1.1936646923845595
733,4.0710634504123995,1.010114759708057,1.5408628915269111,1.843938636142054
734,7.61216259108923,0.9044111932167519,0.9838263269992831,2.1706037610806455
735,6.740733352723739,1.0985141526285882,2.737802147605108,6.244031534965167
736,3.780433864839794,0.6155070278703945,1.4767240734659355,1.0450570552648883
737,4.241084986700628,1.1426219967740332,1.0537539612911895,1.7767150804934073
738,6.1546850111979525,1.0616469501392003,1.9438327289525126,3.6721766140140994
739,3.179943924095023,0.6208396376277229,1.6209497298423465,1.0026902706264322
740,7.003075856406412,1.1546516177741346,1.964362008848948,4.586068790466363
741,3.1268985442670894,0.6621942171345438,1.8580422947407595,1.2423753461126852
742,7.093534213841296,1.1154518011665453,1.8760731028323008,4.2870651546790075
743,7.0387889244443596,1.1518816371142075,2.5185483852202486,6.055458313784903
744,7.211860559727042,0.8091878201219708,2.0601352901412064,3.7312436881772797
745,6.601806479862589,0.6620025688755908,2.9081799757435425,5.376210251051087
746,7.308070487446593,0.9056136012184597,2.498392006716969,5.299794814771568
747,7.00817723472431,0.8724630808657294,2.996714587904817,6.578268663873119
748,7.5894938260654055,0.7138777846015409,1.7028494625131725,2.800877882674687
749,7.490206688215276,0.9771912016638146,2.499295182549928,5.687054492173619
750,4.377031105123978,0.7811618402527385,2.738331435852078,3.4028135945942433
751,3.411541022266343,0.8611899459965384,2.5804172651590163,2.525534715947164
752,7.254846924639951,0.7851683373876224,1.7437027467271968,2.9563303058124744
753,6.875161048063243,0.8061175238140912,0.9035566573166862,1.5846621834180536
754,3.7710612558867824,0.9475210278887484,1.792927439402815,1.8566119611934793
755,3.5017303375342235,0.5105652664991541,1.404530803363821,0.8038623088694263
756,3.152082026599656,1.0559204467279661,0.8615492472271902,1.0735915403899945
757,7.545388639471903,0.6604107223885008,1.8463001097859206,2.9661243811460114
758,7.862709410066382,1.0647772081728348,1.4570831344904263,3.6196918234761464
759,5.393045891324696,0.9264089479379486,0.9649244656128091,1.5755692971914455
760,6.851113205665914,0.695786004631924,2.2202187059551965,3.643493708235771
761,7.274997102093241,0.7096971466041742,0.998512610158677,1.5204971604346735
762,6.04109709649417,0.9205664421686692,1.0024483452771413,1.7857636100097747
763,5.154410826001291,0.8059883308089772,2.8678115343893404,4.36973535006136
764,6.187270088554967,1.1825657446944158,1.3110542797202054,3.049421093717946
765,4.0913561469608,0.511406248219686,1.4063279136548248,0.9418190200191898
766,7.6285884638956345,0.5009107883541233,1.1457474691838003,1.3130530635660675
767,3.5574967635776744,1.1596230117080664,2.9113924040262473,3.7088037173045647
768,6.721330445547934,0.839246512146052,1.9894643030725374,3.4004176005926428
769,3.6360704037358773,1.0814280866263937,1.7630579769170245,2.0049393863468152
770,7.310946875605782,0.7707319482894612,2.691923145207692,5.500594021423596
771,7.414748089027122,0.8401200106663385,2.6852998078716808,5.763879115102096
772,5.844312329822591,0.7761614189641769,2.327674425698407,3.518932473693072
773,4.736700084323134,0.5648668820794274,2.9349922939216917,3.7780723330537396
774,5.007850021240101,0.6588762338506191,2.6403568643129534,3.4528450026679005
775,7.974645762253025,1.195658496623196,2.79855087216335,8.054847243678218
776,7.009882857451549,0.7091729805114892,1.764868533816036,2.7008727516063176
777,4.012018354560601,1.1079435482881743,1.4175666642803004,1.9030714737370777
778,7.322345381036445,0.6076670849612985,2.2592683815159367,3.7905777412272643
779,4.207843705635678,0.9068276669020008,2.089357061841551,2.3958137235180352
780,6.094533162644513,1.000546973218981,2.2575682231704937,4.113757583087127
781,6.0411904548272,0.7008989525363021,2.346072737407508,3.5128693412948944
782,3.2723529645411364,0.7422870009310365,2.4742979593160985,2.12024484847759
783,4.243858737294607,0.7463153015994467,2.5380999070904964,2.869170589322984
784,7.912361365905967,1.157216041605246,2.785674701868076,7.765607137200661
785,4.084407649981484,0.7986006233500934,2.2701287788093243,2.40529865869103
786,6.920307855958658,0.6855120183582217,2.6364080193980577,4.821394300006234
787,7.7034350759761745,0.7998693806687937,1.7981794911582034,3.3078695046062117
788,4.485682467772512,1.1161034440944793,2.6367578295961973,3.9958282035466195
789,5.038207426454671,0.8360492915043733,1.0937797066906094,1.3826895508290367
790,6.540392712920034,0.9932000439507409,2.494892955928506,5.005487815401427
791,7.047122812942775,0.7714606342712818,1.2344660833975234,1.943456141131453
792,3.352862525354338,0.9200075921313389,1.7080141057150167,1.524589644961707
793,5.55652186538264,1.050273567055867,1.4051527316775474,2.4465726467069544
794,7.3423178543412595,0.6887378011148483,1.1353075478443349,1.6593653673285522
795,6.407626982976889,1.1891115058515447,1.2319700972081256,3.0755054816854797
796,7.132643849522083,0.8533143019495026,1.7781357118319465,3.177713200363896
797,3.203946792302092,0.5327430520525642,2.4201739284634085,1.7911897689687737
798,6.458860270127774,0.715678038218694,2.286894417602571,3.6419743553132693
799,3.366889683964162,1.0529114817581102,2.9596268729332342,3.3908111524180984
800,3.6697786529285414,0.8856710138883929,0.9297163177166008,0.9839936115908737
801,6.341481092709521,1.0751492292885385,0.8856342539623101,2.247096229962466
802,6.254764131022789,1.0174331788115052,1.9243000864238164,3.548766381217508
803,7.00039898233571,1.0745281437462397,1.0386288395297711,2.6499905699899386
804,5.1398815495766,0.7678115834983716,1.1830710083116744,1.3570404760969743
805,4.88955466737775,0.7178345810344195,2.923146687227213,4.111563775497957
806,6.810090050203822,1.1837049637433563,2.2988523437654043,5.384621535642822
807,3.6874436769850902,1.1970531817008023,1.751740383226513,2.2639070686543166
808,3.652538431305873,0.6483282396688468,2.5201583196392376,2.3169836372150967
809,6.56327704634432,0.8728643141434438,2.8099623868104464,5.5687026265919695
810,7.912545574309023,1.0782795537000025,2.1707369185901157,5.407011087533788
811,4.11147022273778,1.0442254990786455,0.8870369667082241,1.3903811133293913
812,6.02011717494506,1.1856609726405507,1.4203763677723003,3.127874714848098
813,3.698143639866051,0.9915985605387685,1.6880561373851402,1.787231658836694
814,7.507908344996783,1.0296007514085814,1.9550804707195464,4.3812228773344835
815,5.727983941349347,1.085597036567162,1.2233449519391508,2.401999348939748
816,4.743773538187373,0.8420217880989932,1.7861592529431964,2.1020320532218086
817,3.8129339374501834,1.1390212788131877,2.3533310733254567,2.9964181439789765
818,4.697273723142942,0.7665736188714023,2.744677058771798,3.638883027835326
819,6.1015199211983635,1.1757606825116527,2.218446734887712,4.611094258643
820,4.338317942951903,1.1855830776459282,1.3421764679736798,2.175760218668362
821,7.185735845179009,0.8914736972587164,1.8805991279965513,3.545459514734727
822,3.6572926987892473,1.1600238750049447,1.697179792940167,2.108241933005349
823,5.436668346871366,0.6476310160231277,2.502083912132371,3.406390629446586
824,6.841126645791581,0.6029833757925472,2.6231156626861716,4.544504923195301
825,3.495110918819785,0.5494382298277407,2.5633934673512857,2.1776385201022705
826,4.071157346163707,0.6983815105201141,2.497224730399833,2.612102578309191
827,5.413586764437918,1.0540760615956208,1.2608765857389572,2.220941471944122
828,3.3305994871588314,0.7503815333135655,1.6917427681660357,1.2631883991885624
829,6.488559905658331,1.0542521309513004,2.756986098794355,5.912870547267293
830,7.482761168726727,0.8546190242547478,2.2614895733490563,4.555415281352168
831,5.230326393687724,0.9017975609828371,1.046899717160278,1.5410788594568656
832,6.289458113992879,0.7511590138885822,0.8770838672589185,1.2903849040508577
833,3.9193548135158296,0.9934627671502768,1.4394159867803116,1.6437849836407963
834,5.684313603415029,0.6360384135820527,1.0967743945448178,1.1447017032881104
835,7.518761327195438,0.5781509083989459,0.9975901794758166,1.2518496914394392
836,6.425635751647373,0.8757789164008019,2.7660497622407125,5.328992534346319
837,5.786371113376037,0.7838276555185016,2.888088435220772,4.910802602548024
838,4.267685857902728,0.7805182603441918,2.748281210823341,3.336148148493784
839,5.506180236721351,0.7381952874170996,1.5388747633805466,1.8367389320222847
840,6.902325065688533,0.7704959924800768,1.3371860241100921,2.0529002693140534
841,3.593646734752163,1.0797060120483213,2.6596995253496143,3.1657921803787117
842,7.1219440253722786,0.6600670010911973,2.316482311084206,3.960486742299423
843,3.4730229602404528,0.7391891217127023,2.97709258253121,3.0395555196596002
844,4.692026972364243,1.1145579742250373,2.0455519096894434,3.0932191916768392
845,5.082384243268534,0.9810344840276075,2.784866585178526,4.507552978879562
846,7.368038018810291,1.0771576555469804,2.4808491165094466,5.9161772919893405
847,7.506196487675899,0.8540574357954176,2.0693347319392306,4.0473339800655825
848,5.651367165408488,0.7168951154635913,2.3920963341659065,3.420932993025245
849,7.546956600943837,0.5104084055882933,2.454363886454198,4.280037768576566
850,4.641082506918974,0.5824485665731916,1.385222535267748,1.135742687581371
851,4.501893541914736,1.0578719135761325,2.6491952949464297,3.892455206254713
852,7.0971455989366845,0.8412627163339479,1.4483535824821838,2.496360031627943
853,5.134721759012133,1.0320374780384158,1.9753256106724335,3.0368521680199194
854,3.853753733355718,0.7253200185619407,2.524751227236487,2.553958436925793
855,6.039822952502474,0.9451555616000593,1.8976696487967253,3.161397954234215
856,3.9686024271358202,0.834887589869699,2.5985945966071933,2.9247957439621866
857,6.405808064118231,0.5934557744793495,2.1600088183560913,3.054613506493597
858,4.7912987314771485,0.6805290274406703,0.8848399437168677,0.8673452511682722
859,7.150199935846302,1.063505544023554,1.6401983495052317,3.6247835803913517
860,6.812057116868823,1.0269833222843725,1.575774345965621,3.2057251405319835
861,4.8864556354300435,1.0862247407159424,1.5846961116439615,2.4639603682479825
862,6.166291538888132,1.1189304681166519,1.3567946850044303,2.8760138676355274
863,6.631351172760878,0.7899779405362027,1.9021137768933256,3.0339715112565244
864,7.600978366543421,0.5028667697891872,2.074967025091138,3.2076845223744943
865,6.9324536734303575,0.6872934977468582,1.4363459943828443,2.010531076009837
866,6.546407213748926,1.0574036074532744,2.897860111332175,6.411060458462546
867,5.423012686395163,1.1395438936197717,1.0087705479022078,2.2204068441622007
868,6.760046814182765,1.1576704420323012,1.676552862118779,3.8484000425124494
869,4.340853756474562,0.6072278603871284,1.8702764163131367,1.6654810067667347
870,5.519308484396451,1.0611651549934218,2.5900825133308585,4.639320005197475
871,7.685851349699,0.6058503927366622,0.8516939880428858,1.1698805633983658
872,3.419410445035662,0.7072439509176437,1.3557218945820215,0.9513266817845617
873,3.2842687830859187,0.8064428885784711,2.1834875241044456,1.8388260099986198
874,4.253864141722383,0.9126749712068152,2.901387709634296,3.869944909502575
875,5.859947005225472,0.7574135701820113,2.571466677621612,4.069472829384944
876,3.916945773424257,0.5093436542377378,1.528270290022554,1.0164157511131533
877,7.466536516150718,1.0751416433849337,2.39843472440334,5.736961732293236
878,6.818928219672472,0.5212197200298374,1.7698762861097328,2.243127384262312
879,4.193355413824245,1.0740864441634412,2.484490163967385,3.3664524391003625
880,6.5867628116446895,0.6330801298279652,2.8029195830044493,4.972308571860026
881,6.122142957954381,0.7223730238475663,1.7672280672953344,2.392004616130529
882,4.422258069841202,0.895676101444936,2.851571803835389,3.8835418305346505
883,3.9290741771244666,0.8338935264626225,2.6157428256599786,2.9233116586316457
884,4.518956816166936,0.6276588475891689,1.1513285473874642,0.9442451817304356
885,4.156508094218048,0.8795608662766919,1.9635224732243415,2.1393209289873605
886,7.140508790114568,0.5438620490444246,1.1976966734239598,1.3815903323842444
887,7.79231189798527,0.7397563363681782,2.9815953385525145,6.838811545179164
888,5.7662562608282775,1.1613186145476813,0.8115074735450574,2.260625762568701
889,3.7927392863454057,0.6250501503104967,1.1461913998405815,0.7856715678866888
890,7.638082879536723,0.5892481094294099,1.5212008035071056,2.135921063220795
891,7.285161581405273,0.7431824238302159,2.9339195923718826,6.2317542445463685
892,7.765492540865559,0.5704697482458688,1.3636439633964668,1.8351360590242558
893,4.456478442521934,1.113961982139132,2.4233614913228343,3.5634799375339603
894,5.052516233904662,1.081441462280269,2.2000452232962067,3.515181179998552
895,4.3768950718067625,0.9459423421693696,1.1821957006341035,1.4888765128411139
896,7.140724044917374,0.998489775947819,1.2964726848684935,2.7799950997377008
897,6.783970881161399,1.079850336272462,1.431917513669755,3.1368052521195793
898,3.688135845981866,1.0693130135871722,2.1154441536924606,2.429680868309836
899,5.725214569261816,0.5429064250495206,2.5923930489106652,3.6282325376871016
900,7.230208885321024,0.9289916581785393,2.928168609036036,6.726051183153789
901,4.565234014383291,0.8786355000173363,1.107059648579316,1.3473459189505925
902,7.743253476410331,0.6411582989291718,2.385590994462094,4.468048440505393
903,5.662076125993974,0.93779579255641,1.648300818109393,2.526832846768005
904,6.348241890186312,1.1935472821792112,2.7862524274998064,6.367745770512702
905,5.15956300059889,0.7888799972899796,1.151834130081563,1.3731819254839523
906,4.824315152700856,0.7371074896357515,2.974604565315105,4.212533566399305
907,6.320540361585481,0.5614093851537091,1.2920280902757368,1.377286870058247
908,6.7809927093645745,0.5315385399585967,1.7115832964608377,2.1343835920505008
909,5.543027284704525,0.7506884867653192,2.8962209907521625,4.655540410451597
910,6.213294972694043,1.1449298958217584,1.835134854553508,3.779916677810969
911,5.699371727012514,0.8522082053035407,2.1967335888986934,3.3267303709492007
912,7.607626710193386,1.1718694360822863,1.307969771421788,3.696430974146133
913,4.325263449301879,0.9974337078213867,1.3300899134144877,1.7134391240289633
914,3.9875313673443253,0.9673556237019234,1.2180902077121727,1.4258995014851727
915,6.7566224012098095,0.852527310375735,2.62998347570284,5.122207563332035
916,4.309083296232689,0.8525994645587388,2.3540471677517623,2.7730084332114817
917,6.528859065396398,1.1394408435831636,1.6297622288761786,3.5642680548915395
918,7.957540518172351,1.1716991620245651,1.0365186718501382,3.4436307891744624
919,4.381028643864891,0.5743390431044584,2.3974760369347035,2.4597604248833878
920,6.169676911819209,0.6237586436283784,2.840523127065416,4.748489867001677
921,4.967166478023176,0.9685702155395106,1.7210950974970036,2.3910917521430077
922,7.353688122451926,1.0753348683356814,1.0861111592237496,2.84874076052078
923,3.227830625460822,0.9386436710423571,1.2443806054911024,1.1274917050285387
924,3.0736914087032368,0.7379281164589555,1.5684332239865606,1.048537697676127
925,6.987060694885905,0.615424098487624,2.964766169552318,5.779509646527068
926,7.665290994366536,0.7908310388489228,1.9434110755019884,3.611046919788692
927,5.902857457493216,0.9947887666958866,1.1515550270307022,2.112678456423056
928,4.434814074639393,0.858811475594709,1.588403649166494,1.7501615324819304
929,7.817694800984517,0.7975249394267768,2.1639346402241584,4.293706791809777
930,6.634868995393781,1.1871676149338022,2.741392826949763,6.492957700754733
931,5.486435744239163,0.9683824267902572,2.4737940932430122,4.084171709334498
932,4.192160122829376,1.085217143987582,2.619166772756918,3.630803098785937
933,3.9095088145321064,0.7109259062015515,1.2746509836501456,1.0233080882849162
934,4.448377832597131,0.9584136435450503,2.5481622146997065,3.4285133746729644
935,3.4267920463325865,0.7935721304800369,1.654118259832328,1.3208505394204955
936,6.925683808186886,0.6859295572705155,1.5545698193456319,2.209400134221098
937,4.879677433265984,0.9745707340523826,1.7934867645996415,2.466660319816821
938,5.810098368472051,0.9247829790467037,1.2141124076813186,1.9559403781154676
939,5.266108835852631,1.1958163788943046,1.9270504663870571,3.512254957518869
940,4.7538876055932136,0.863980450224878,2.839707169686954,4.081736809598186
941,7.9037674810718945,0.9247959031906225,1.887643596722203,4.036810206832314
942,4.275354210017294,0.6842466340158404,2.8065044246114557,3.3066471087655502
943,7.625858061498928,1.005921252702715,1.209762474188755,2.8591616563529576
944,3.6707887381511375,0.7140730323319944,2.8185348789181477,2.8980386885037035
945,3.232885771045135,1.005067237322805,1.2338972825173193,1.2266061518413138
946,5.344136942199791,0.5557752113944763,1.2667919602952764,1.127354651620255
947,6.731993663337645,0.5426745660553393,2.4723804702923546,3.9248377144246014
948,4.142866352317051,0.8977353115119225,1.254687348914088,1.3782026583649727
949,7.429003757140013,0.9536232071465469,1.286815383069551,2.7141156337118297
950,5.784649653702573,0.6243001139144836,0.8698578862757719,0.9283903002628537
951,3.673992379491457,0.9558859515503323,2.620906377700197,2.942348668320984
952,4.7687872774491975,0.7081234212509708,1.2975567663241723,1.266895858734105
953,6.184449614111138,0.7891537126394345,2.439191217958733,4.029140343337042
954,7.436627729549506,0.7489277424403589,1.8128526199635122,3.079453572657554
955,4.582210010378083,1.0001333881704872,1.3664084708120119,1.858801171652273
956,6.136511882444902,0.7674180594698141,1.986571325080784,2.9216224882045982
957,3.8538028989134743,0.6245675773577616,2.1197720542145904,1.8188946210046564
958,5.978602744313537,0.8660663591112407,2.3368252531759808,3.8417330819013387
959,5.819309062614015,0.9738646322401394,1.6252148623485048,2.6606658467693363
960,6.488754250416693,1.077538196119407,2.5296472497843814,5.343695089433565
961,7.077013458207613,0.5415715504889558,1.5301877672576711,1.89980883258511
962,6.192371337662811,0.9336480776904709,2.1435658441462726,3.7205680063316775
963,6.892726295925481,0.5726975705899788,1.6353546707419866,2.101323673234891
964,6.357485858424561,0.6718714115685176,2.694215909110385,4.563102929336602
965,3.2949893096383467,1.1564986177648375,1.0662666928876805,1.4139325829056628
966,3.8198017578729058,1.198386665324664,2.7895626029473415,3.8484666053716157
967,3.231176858230188,1.0586599016319136,1.7590432744530387,1.7385119835338267
968,6.4930411257708815,0.7528819065478978,0.9005222754576829,1.358903613751263
969,3.861341201799648,0.9072524239833842,1.9855499064132043,2.063156214361878
970,3.127659071045987,0.7787767593501866,2.841247757198346,2.578277555666652
971,7.179374123754075,1.101121459088112,2.965791619545885,7.438624514332348
972,6.422386355774442,0.8158906732383913,1.927809247180414,3.0578486769848947
973,5.275992966414264,0.7347209820531673,1.6292801239160226,1.8791321628118438
974,5.560852172595988,0.6787572938862322,0.9190759388173305,1.0319250082852358
975,5.580627448862413,0.5436572898134072,1.11407821301,0.9895661653960859
976,6.655299104829446,0.5461763405375545,1.487243137965709,1.723066885868814
977,3.0733975472983857,0.7501132474241082,1.2117409006658066,0.8083869623976694
978,5.283455258314,0.5312091975860632,2.6538083238461105,3.4735408478718144
979,4.975860182762296,1.035553008140786,1.5866243348951068,2.377833743771589
980,5.410421503362102,0.8575159614090241,2.5710605765624273,3.975015650270981
981,5.450045169337488,0.7149922536945094,1.8012988317325538,2.1701713120455146
982,3.9779943355064544,0.7963511938465049,2.272187006015873,2.3421633265557182
983,7.335189666108825,0.7397684974053096,1.7448969615914574,2.8646591131102173
984,7.405943308804293,1.1687555787145287,2.115192242989351,5.290316510836853
985,6.76156782130593,0.944144913620111,2.7716976572702268,5.835535473059894
986,3.9527502981646094,0.6130839686104785,0.857727486345536,0.6137673536337218
987,4.674826983773031,0.6630182344446462,1.8916701309867368,1.9077951086646525
988,5.4088434732723165,0.747538358541255,1.018117233338689,1.2228509364718527
989,5.460215837410619,0.8326077764701914,1.3062135818136353,1.7226530725050775
990,7.325939577778968,0.6549640717542282,1.295374788365454,1.8100746212562357
991,4.444316685154262,1.0631538848791044,1.2021637197870971,1.7910915335602278
992,3.4949661503121856,0.979929860276253,2.5594252569420695,2.7468818215853372
993,4.877487297276373,0.7083051663418305,2.1066955511760384,2.4156791376424978
994,5.539761271939715,0.5705890811323016,1.6340148903341,1.6834966851577464
995,6.789280549368801,1.1753525900976793,1.205549141436515,3.1670352259415875
996,5.621767158202106,1.0587854341569916,2.1711489331484444,3.7839025415131173
997,3.7447676566150485,0.9490455845350187,0.8760472997615971,1.0827126381208159
998,4.439750798887513,0.707175566472108,1.8037281602998032,1.7587803155231967
999,7.932234742623567,0.8436015551789275,2.335276771973083,5.016152467139245
